variety,count,avg_price,min_price,max_price,stddev_price,cv
李子,506,12.396245059288537,3.5,70.0,12.771394619459759,1.0302631610118196
猛虎,53,2.7830188679245285,1.2,9.6,2.5094234588428868,0.9016911411435456
青苹果,253,12.624110671936759,5.4,35.5,10.768159804488635,0.852983634595831
金太阳杏,127,13.093700787401575,4.0,37.0,9.654801815689304,0.7373623372376821
黄毛桃,311,15.276205787781349,6.0,41.0,10.663311221317517,0.6980340124670585
蟠桃,348,15.168103448275861,5.0,40.0,10.389658451209229,0.6849675364252745
猕猴桃,1186,11.534738617200675,5.6,71.5,7.619888963883707,0.6606035226945568
鸡毛菜,513,9.019688109161795,2.5,38.0,5.799368761126861,0.6429677712731688
砂糖橘,131,12.514503816793894,7.5,34.0,7.8747905675438545,0.6292531196463614
紫豇豆,71,82.66197183098592,13.0,221.0,49.32804002997885,0.5967440521602485
茴香,717,4.976708507670851,1.5,16.5,2.9613575118445663,0.5950433920893855
金丝南瓜,716,3.2156424581005587,1.2,9.8,1.9084738546291842,0.5934969075375677
油桃,462,13.387445887445887,5.5,47.0,7.932175503158047,0.5925085016101888
茼蒿,514,12.245914396887159,2.5,38.0,7.196400500000021,0.58765725994535
菠菜,1333,5.543803450862716,1.4,20.0,3.13407110066797,0.5653286824554092
白糖罐,201,7.113432835820896,4.3,16.5,3.9837254745672968,0.5600285497188604
菊花菜,514,5.755252918287938,1.8,22.0,3.1480774222333676,0.5469920204948789
九九草莓,333,42.852852852852855,17.0,105.0,23.30774276631722,0.5439017758362742
小白菜,1230,3.3364227642276423,0.9,10.0,1.7956389309071188,0.5381928663715961
香菜,717,6.683542538354255,2.3,22.0,3.550266691129846,0.5311953459944699
冬枣,459,15.637908496732026,8.0,42.0,8.283771738687824,0.529723763278123
黄花菜,70,74.97142857142858,31.0,181.0,39.27678498183524,0.5238900435839304
香椿,71,65.36619718309859,31.0,201.0,33.550916290072024,0.5132762457649459
桂味,65,35.00769230769231,15.0,70.0,17.875107584399213,0.5106051386446709
甜王,719,3.8837830319888735,1.2,10.5,1.9443852850459775,0.5006420979315788
黄油桃,398,14.157537688442211,6.0,29.0,7.061334812722514,0.4987685689501767
平鱼,2236,53.08273703041145,19.0,99.0,25.744552158440204,0.48498916217698007
西梅,227,19.766519823788546,8.5,81.0,9.486162617076207,0.47991061156146625
圆白菜,848,2.173443396226415,0.8,6.5,1.0397994682718592,0.47841111025812044
快菜,514,3.135408560311284,0.9,9.0,1.4969075101560763,0.47742024089117846
巨峰,380,12.330263157894738,6.4,32.0,5.867647979093045,0.4758737022847843
黄油蟠,165,19.86060606060606,8.0,38.0,9.441667490242631,0.47539674577053226
阳光玫瑰,719,30.466620305980527,11.0,78.0,14.412940974385466,0.47307318073466254
大葱,883,3.185934314835787,1.3,7.8,1.4941406740856789,0.4689803763774997
妃子笑,126,23.915873015873018,9.0,57.0,11.07973871676341,0.4632797100657694
小葱,715,6.527720279720279,1.76,12.5,3.000023292172876,0.4595820843446789
彩椒,716,12.273743016759777,4.5,26.0,5.617411290496228,0.4576771147013312
木耳菜,514,9.230155642023346,3.5,21.0,4.210416533210906,0.4561587796029774
苦菊,1231,6.572217709179529,2.5,23.0,2.98802621935008,0.4546450454884738
青提,192,17.020833333333332,9.0,32.0,7.697458840445272,0.4522374838939695
红尖椒,716,8.943156424581005,2.9,25.0,4.040590635091885,0.45180811374225627
毛冬瓜,716,2.6372067039106146,1.0,5.3,1.186419195842131,0.44987721064216724
苦瓜,716,6.3664804469273735,2.5,16.5,2.8556790506246617,0.44854909622833844
油菜,1334,3.0912368815592206,1.2,10.0,1.383798348324739,0.44765199217820884
无籽小号-大号,717,4.1669456066945605,1.3,10.1,1.8504365372317286,0.44407504006264
菜心,514,5.064007782101167,2.0,14.5,2.2323442620758005,0.440825598642653
荔枝王,51,53.69607843137255,23.0,87.0,23.648483763525427,0.44041361034865684
杭椒,716,6.705167597765363,2.2,15.5,2.910581341947943,0.43408032677929703
红李,25,34.08,19.0,48.0,14.787156589419078,0.43389543983037204
蒿子秆,514,6.464007782101167,1.9,18.0,2.79252837149282,0.4320119136034039
苋菜,514,8.919260700389104,2.5,21.0,3.819764778247816,0.4282602456144351
香葱,514,8.354669260700389,2.3,16.0,3.5763773894164044,0.4280692960808588
乒乓球葡萄,252,19.03769841269841,9.0,36.0,8.076055767099687,0.42421387249799297
空心菜,514,8.75739299610895,2.5,21.0,3.7048824291823257,0.42305768746800154
巨峰葡萄,387,11.350180878552973,5.3,26.5,4.790371627535019,0.42205244822016796
凤梨,410,7.874390243902439,3.5,22.0,3.31371938761502,0.4208223475057018
芹菜,814,3.082972972972973,1.3,7.1,1.2870708209580501,0.4174771664368182
大白菜,819,1.2927838827838827,0.56,3.3,0.538692672620056,0.4166919775175681
兰花,71,33.92253521126761,19.0,79.0,14.093475665641465,0.4154605656053743
黄瓜,1531,4.51467668190725,1.3,13.0,1.8739257863942829,0.4150741943280493
玫瑰香,480,15.564583333333333,9.0,33.0,6.433455406625021,0.413339391671799
博阳,719,8.75076495132128,3.4,16.5,3.604808974512425,0.41194215529330774
穿心莲,514,6.918677042801556,2.0,19.0,2.8416221036752445,0.41071755280610645
景甜甜瓜,156,5.0673076923076925,3.9,11.8,2.0669492389334443,0.40789890104189414
番茄,2151,4.83951650395165,1.6,12.0,1.9649487947839386,0.4060217158427878
油麦菜,1230,5.285691056910569,1.6,13.0,2.1458663050211024,0.4059764904752755
娃娃菜,718,2.0323119777158776,1.0,5.1,0.8204417306287097,0.40369871339872093
菊苣,71,33.21830985915493,17.0,81.0,13.40834825088092,0.40364330117131453
红薯,1530,3.229908496732026,1.7,7.0,1.3022275495112388,0.4031778456971191
美早,271,94.20295202952029,45.0,200.0,37.97161891604174,0.4030831104331275
羊角蜜,719,8.999721835883172,3.9,16.5,3.627275953348049,0.40304311838679097
紫甜葡萄,324,15.128086419753087,10.5,31.0,6.068732842060029,0.4011566746562173
鲍鱼,1677,14.857483601669648,7.0,23.0,5.939579359839984,0.3997702113682635
车厘子,26,107.03846153846153,56.0,195.0,42.378750117700044,0.39592077005397097
线茄,716,5.429441340782123,2.1,13.8,2.1419513280322637,0.39450676295983533
黄心菜,504,6.473214285714286,1.8,14.0,2.517038712936248,0.3888390839294618
散叶生菜,717,4.0739191073919105,1.8,9.8,1.5746872915194772,0.38652885587794084
团生菜,717,3.993054393305439,1.6,11.0,1.5427278545066714,0.38635282732264653
蓝莓,481,89.8016632016632,21.6,190.0,34.59801893020269,0.3852714715595814
香芹,514,6.801750972762646,2.1,14.1,2.608954599376393,0.38357102602313037
柿子椒,716,4.9162290502793295,2.2,12.5,1.880690179232029,0.3825473060750032
仙人掌,71,81.12676056338029,17.0,161.0,30.891482680720895,0.3807804288769416
豇豆,716,8.443296089385475,2.8,20.5,3.201502667559451,0.37917687993723603
荸荠,897,7.283500557413601,4.0,15.8,2.757743927870616,0.37862891697915946
尖椒,716,5.051173184357542,2.4,11.5,1.9075776073353337,0.37765040669021493
L600吊秧瓜,654,7.129969418960244,3.3,17.0,2.688866672166296,0.3771217678740634
卞萝卜,716,1.4122625698324023,0.7,3.3,0.5320170545624222,0.37671256459452745
芥兰,514,5.855252918287937,2.4,12.5,2.1997300991274047,0.3756848986415092
白萝卜,817,1.3508812729498165,0.6,3.2,0.5061898299796711,0.37471082034792214
冬瓜,1534,1.9360299869621902,0.6,3.5,0.7250735944025296,0.3745156837886778
麒麟,719,6.943532684283727,2.2,15.5,2.598340864184859,0.3742102157977954
美人椒,716,11.878491620111731,4.0,25.0,4.441606962229176,0.3739201158090641
芋头,813,7.600123001230012,4.1,15.5,2.8195766171755285,0.3709909190573896
广茄,716,4.651117318435754,1.4,9.6,1.7134960402415367,0.36840525037923855
荆芥,343,8.267638483965015,0.0,18.0,3.041319152064361,0.36785826544822475
螺丝椒,716,7.430446927374302,3.5,15.0,2.730597479889582,0.36748765001333417
散生菜,514,5.2476653696498055,2.2,10.5,1.9212985975791503,0.3661244500632793
玉米,1432,3.75481843575419,1.5,9.5,1.3696640324183216,0.3647750366238979
紫甘蓝,716,2.459944134078212,1.5,4.7,0.8959788941112493,0.36422733414919184
线椒,716,7.2768156424581,3.5,17.5,2.649706446246348,0.36412994040773583
玉荷包,41,15.207317073170731,9.0,25.0,5.532828853484553,0.3638267570053996
久红瑞,514,5.223929961089494,2.7,11.5,1.8790917207230873,0.35970844454644774
树莓,56,118.92857142857143,22.5,190.0,42.645944981634806,0.35858452236810046
水晶,108,53.7962962962963,34.0,88.0,18.799860438564927,0.3494638429199677
青蒜,1229,7.007241659886086,2.3,14.0,2.4354977869122756,0.34756868752716436
青提（维多利亚）,204,10.620098039215685,8.5,23.0,3.6898259788081837,0.347438033545751
长茄,716,3.6412011173184355,1.8,7.3,1.2647974862299405,0.3473572168849056
绿宝甜瓜,719,9.668150208623087,4.6,17.0,3.353022301032623,0.34681115091096126
花蕾甜瓜,631,8.900316957210777,4.6,14.5,3.083643468729127,0.34646445554176014
冬春笋,71,36.12676056338028,17.0,75.0,12.48190642200002,0.3455030627532169
樱桃萝卜,513,5.462962962962963,2.5,15.0,1.8826595094981204,0.34462241868779153
茄子,812,3.5637068965517242,1.5,9.8,1.22449201437546,0.34360065233206744
韭菜,813,4.5264698646986465,1.8,8.7,1.5455995729939287,0.34145804991387657
黑美人,420,4.841904761904762,2.5,22.9,1.6433147101914003,0.3393942654801279
盖菜,514,4.72568093385214,1.4,9.5,1.5777083904970313,0.33385842433737095
板栗南瓜,716,3.8451117318435752,2.2,7.5,1.2810140711309923,0.3331539264573719
爱媛,340,9.313235294117646,6.8,23.0,3.099552941965758,0.33281162174904716
小米椒,716,13.397067039106144,8.0,29.0,4.448562876416331,0.3320549836341747
小河虾,1058,57.587901701323254,39.0,113.0,19.022227827095808,0.3303163905112159
散菜花,717,4.7097629009762905,2.1,10.8,1.5552271114813265,0.33021346173476
西梅（新疆）,73,23.705479452054796,17.5,34.0,7.827052276328394,0.33017903274890076
球茎茴香,71,20.93661971830986,14.5,49.0,6.852491505943965,0.327296937048114
莲藕,812,7.321650246305419,4.3,17.0,2.382464967252382,0.32539999687291793
海螺,1677,54.350029815146094,27.0,88.0,17.645737051678026,0.32466839690234295
夏黑,214,16.957943925233646,12.0,27.0,5.4781347256122,0.3230423894408958
台农,1107,14.90207768744354,8.0,31.0,4.812747278475442,0.3229581390875886
羊蝎子,1434,35.44839609483961,17.0,59.0,11.293789130828705,0.3185980291072406
西瓜,102,4.618921568627451,2.25,7.79,1.4710371547378729,0.3184806524383143
公梭子蟹,545,151.33394495412844,60.0,220.0,48.17536940123545,0.3183381588039492
布鲁克斯,73,48.58904109589041,31.0,70.0,15.455883108992614,0.3180940138022162
小白杏,96,5.916666666666667,4.0,10.5,1.8819735814839464,0.3180800419409487
榴莲,124,55.416935483870965,30.3,113.0,17.52590984045168,0.3162554855735856
绿菜花,717,4.797071129707113,1.6,10.0,1.5128609959207058,0.3153718081334921
红灯,94,41.54255319148936,18.0,62.0,12.99682748188628,0.31285577037063006
水萝卜,585,4.925470085470086,2.2,8.5,1.5392304248882074,0.31250426825834704
金城5号,122,2.0926229508196723,1.2,3.3,0.6522900577725422,0.3117093108039567
小龙虾,574,48.97560975609756,23.0,98.0,15.195621357509927,0.3102691611842166
桂鱼,559,92.08050089445439,58.0,185.0,28.493770225860587,0.309444127139589
小黄瓜,1386,8.446969696969697,3.8,20.0,2.6099659420336625,0.3089825151107116
红颜草莓,119,21.605042016806724,9.5,32.0,6.666344114591732,0.3085550173614998
鸭梨,819,4.881013431013431,3.1,9.0,1.5029744993795333,0.30792263135966724
甲鱼,1118,65.60644007155635,40.0,101.0,20.178896269091407,0.307574930861703
蜜桔,337,5.537685459940653,2.8,8.7,1.7017247856243374,0.3072989244214991
姜,1403,12.168282252316464,5.5,19.0,3.735025122777671,0.30694760733928883
凯特芒,383,12.22845953002611,8.0,22.0,3.753099867510124,0.3069151807956395
西芹,717,4.68418410041841,2.7,8.8,1.429753781835959,0.30523005739852277
西葫芦,816,3.186433823529412,1.7,7.0,0.9709437079248513,0.30471171274770054
扁豆,716,8.325837988826816,4.5,16.0,2.5177445776589518,0.3024013415872057
皇冠梨,853,5.971277842907385,3.8,10.7,1.8033635459374249,0.3020063030695246
琵琶虾,402,110.21641791044776,45.0,210.0,32.84734477788251,0.2980258785453488
南北瓜,716,2.477178770949721,1.3,3.8,0.734529677900443,0.29651863907215426
小叶桔,252,5.255952380952381,2.7,9.3,1.5472647391517065,0.2943833252293167
甜宝草莓,105,24.4,14.0,37.0,7.1634086213843124,0.2935823205485374
贝贝南瓜,716,3.8659217877094973,2.5,7.6,1.132870906933522,0.2930403068513012
水蜜桃,281,18.80427046263345,13.0,35.0,5.507052256439931,0.29286178729364515
土豆,1023,2.576490713587488,1.3,4.7,0.7487099810186115,0.2905929282299306
毛豆,716,7.9189106145251404,4.3,17.8,2.3005491440147585,0.2905133364929024
马牙枣,89,7.603370786516854,5.7,12.0,2.203274909507243,0.2897760705573291
血橙,264,6.653030303030303,4.0,9.5,1.9166843754974245,0.28809193528314736
芦笋,71,38.00704225352113,23.0,73.0,10.869516008986679,0.28598689517808196
红金蜜,127,4.716535433070866,2.6,7.5,1.3478238651075967,0.28576566088257893
山竹,70,36.14,20.6,69.0,10.27999887215919,0.28444933237850556
奶白菜,514,5.41556420233463,2.2,9.0,1.539585199181469,0.28428897556375743
香蕉西葫,71,26.556338028169016,15.0,49.0,7.529252142607643,0.2835199693052997
葱头,1534,2.2404302477183835,1.1,3.9,0.6303336363978197,0.2813449055330961
柠檬,789,9.354499366286438,7.0,30.0,2.621193524223956,0.28020671353837734
荠菜,396,13.70959595959596,6.0,24.5,3.8348447513188586,0.27971974977385666
奶油草莓,63,25.333333333333332,17.0,42.0,7.0847405306825975,0.2796608104216815
白不老,493,8.20628803245436,4.0,17.0,2.2924542654424105,0.2793533758961635
草莓,193,21.435233160621763,12.0,33.0,5.984111086220573,0.27917172821865377
平菇,820,6.93909756097561,3.0,12.0,1.936193643945788,0.2790267216928374
莴笋,819,3.0246764346764348,1.2,5.71,0.8430534423563754,0.2787251663322332
青萝卜,716,1.8722067039106145,0.9,3.8,0.518465883061801,0.276927692855091
西柚,70,12.27,7.3,24.5,3.3972857878956386,0.27687740732645794
丝瓜,716,7.087849162011173,4.0,14.5,1.9371034131300608,0.27329918693986555
郁金香,515,18.52621359223301,13.5,34.0,5.04828747718908,0.27249429312990003
沙蜜托,122,38.942622950819676,28.0,68.0,10.564480626822615,0.2712832322610732
带鱼,3354,28.341681574239715,15.0,43.0,7.670731591458668,0.2706519573076687
花生,787,11.10864040660737,6.0,20.0,2.989353722957637,0.26910167343067315
酥梨,693,5.303780663780664,3.8,8.9,1.4228885049387525,0.2682781576273712
宁玉草莓,123,34.05691056910569,23.0,57.0,9.068320658066208,0.2662696206593802
富士,2157,7.343069077422346,4.4,10.5,1.946052195554762,0.2650189144397766
芦荟,71,21.99014084507042,13.5,32.5,5.819773066993922,0.2646537422382428
紫苏叶,268,9.509328358208956,0.0,17.0,2.512311765810724,0.2641944489846082
丰园红,18,7.944444444444445,6.2,10.5,2.0841763000459443,0.2623438699358531
青椒,99,5.14949494949495,3.42,8.53,1.3496427144273724,0.26209224936898756
澳芒,629,18.34737678855326,12.0,35.0,4.808406944453962,0.2620759904736833
龙豆,60,163.68333333333334,71.0,221.0,42.8448092960608,0.2617542569762395
山药,2148,10.56987895716946,6.5,15.0,2.7653472471906473,0.26162525213355786
油豆,716,10.276117318435753,5.5,19.0,2.6739985004899927,0.2602148669218417
墨童,96,3.3229166666666665,1.7,5.0,0.8620024626496343,0.2594113994180718
特小凤,719,6.073296244784423,3.1,10.8,1.5745925271642436,0.2592648972979804
小红扇贝,559,13.052772808586763,9.0,19.0,3.377182873572764,0.25873298517469673
火龙果,1510,10.43384105960265,7.0,18.5,2.698083742083217,0.2585896916265627
玉菇,719,5.86356050069541,3.1,10.9,1.5107992337425877,0.25765901683173714
金果,68,60.47647058823529,45.0,106.0,15.553471730765416,0.25718219961386257
豆王,716,9.211675977653632,6.0,17.2,2.3663598047701675,0.25688699977188284
蒜黄,715,13.182657342657343,8.5,25.5,3.379490984629874,0.2563588582170217
红提,414,18.469323671497584,13.0,34.0,4.7270025441465595,0.2559380423573069
红提葡萄,299,16.232441471571907,11.0,24.0,4.136754279084344,0.254844860295914
大蒜,1129,9.895766164747563,5.0,13.0,2.5200751357754108,0.2546619527806614
公河蟹,443,88.89164785553048,53.0,138.0,22.60614976078268,0.2543112913996477
秋红（晚桃）,79,7.2594936708860756,5.0,10.0,1.837746598651964,0.2531507956294772
红香酥梨,714,4.996918767507003,3.1,7.5,1.2526063830091574,0.2506757546579232
硒沙瓜,31,2.7806451612903227,2.0,3.8,0.6920594169283011,0.2488844770855839
8424西瓜,181,3.875138121546961,2.3,7.2,0.9623412467835389,0.2483372764012269
板栗,292,6.975342465753425,6.0,15.0,1.729432365960292,0.24793511923625552
先锋,73,35.9041095890411,23.0,55.0,8.858712571941128,0.2467325516030913
沙糖桔,119,8.047899159663865,4.5,12.0,1.980277704352402,0.2460614459830175
晓蜜25号,719,5.8168289290681505,3.2,12.0,1.430705053392421,0.24595962350600165
罗马生菜,621,4.775716586151368,3.0,9.76,1.1682500050869868,0.2446229762617573
蜜童,185,3.408108108108108,1.8,4.8,0.8336595522865936,0.24461065372406
白虾（笼装）,1118,56.622093023255815,37.0,105.0,13.713254287490617,0.24218910950286335
西红柿,102,4.779019607843137,2.77,7.82,1.1570751020097763,0.24211557954498256
美八,75,5.904,4.3,7.8,1.4114818741595936,0.23907213315711273
夏黑葡萄,266,17.718045112781954,15.0,28.0,4.209985158159042,0.23761002590076494
硒砂瓜,91,1.7120879120879122,1.2,2.6,0.405746271246005,0.2369891571462545
雪花梨,720,4.432805555555555,3.0,6.8,1.050471999865007,0.23697678291989804
沙漠一号,24,2.0625,1.4,2.5,0.487060838981708,0.23615070980931296
鲜竹笋,45,33.72222222222222,17.0,49.0,7.905374721981843,0.23442626852664444
法香,71,20.964788732394368,15.0,43.0,4.913773603469837,0.23438221420648866
红心蜜柚,446,5.959417040358745,4.2,12.5,1.3721593320121666,0.23025059711705717
胡萝卜,1536,2.1242187500000003,1.1,3.66,0.4888576476585658,0.23013526627545575
无籽红提,55,32.14181818181818,18.5,44.0,7.348663040638649,0.22863246251562716
菜花,98,4.45265306122449,2.9,7.41,1.0175486523188428,0.22852637255304473
黄花鱼,1677,44.40548598688134,23.0,82.0,10.064255658634842,0.22664442095303525
南丰蜜桔,93,8.0,5.5,10.5,1.797643384859866,0.22470542310748326
山楂,819,8.784493284493285,5.5,12.0,1.9681799594930212,0.22405162093610176
猪腰子,717,39.3160390516039,26.0,63.0,8.780346065298671,0.22332733095961446
心里美,716,2.2287709497206705,1.1,3.3,0.4915443316528798,0.22054501908977436
姑娘果（灯笼果）,720,28.424305555555556,18.0,55.0,6.255470446302082,0.22007469748295908
马蹄笋,46,26.32608695652174,19.0,57.0,5.76986172692432,0.21916898384683628
杏核,71,32.971830985915496,22.5,40.0,7.187234379660158,0.2179810512412948
南果梨,433,7.971593533487297,5.0,11.0,1.7285327489035784,0.21683653859699553
沙果,164,5.510365853658537,4.0,6.8,1.193264270784626,0.21654901007931684
磨盘柿子,264,4.255303030303031,2.7,6.5,0.9198953812180043,0.21617623343560005
三文鱼肉,808,168.6881188118812,120.0,210.0,36.42495648174671,0.21593077650221087
白豆,223,8.870224215246637,3.5,13.5,1.9145905976757212,0.21584466764490753
春雪,195,24.446153846153845,19.0,42.0,5.259348385506217,0.21514011646186543
椰青,272,14.95514705882353,12.0,29.0,3.215066465381064,0.21498059850131507
白蛤,559,13.180679785330948,8.5,25.0,2.8334128204162004,0.21496712359020848
菠萝,355,5.170084507042253,3.4,7.72,1.1099319181350198,0.21468351564141055
圣女果,720,11.508888888888889,7.0,18.0,2.469829945526763,0.21460194545028835
胭脂红,42,7.714285714285714,5.5,10.5,1.6496224887533195,0.21383995224580069
沃柑,327,7.951070336391437,6.0,13.5,1.696095412531929,0.21331661534536184
朝天椒,71,21.887323943661972,16.5,31.0,4.635420448720754,0.2117856189569971
紫薯,715,5.2846153846153845,3.9,7.6,1.1187545403759143,0.21170027692702892
牛蛙,559,19.18515205724508,14.0,29.0,4.035147277622715,0.2103265726319267
红宝石,371,11.265498652291106,9.0,26.5,2.355613412249801,0.20909979087084007
石榴,357,9.225770308123248,6.8,13.0,1.9282661720414818,0.20900869061780697
罗氏虾,421,122.26840855106889,85.0,185.0,25.204717521099134,0.20614251726824157
牛油果,70,32.21771428571428,14.5,48.0,6.640665710348965,0.20611846177099893
黄鳝,1101,70.20072661217075,45.0,96.0,14.336369497911438,0.2042196739232316
丑橘,390,7.872307692307692,6.3,14.5,1.6032910586374352,0.2036621434657676
耙耙柑、丑橘,79,15.145569620253164,11.2,20.0,3.0512207505863613,0.20145962331493736
黑莓,51,140.37254901960785,38.0,186.0,28.20635445023954,0.20093924807406294
红啤梨,551,8.683847549909256,6.3,13.5,1.740588324360052,0.20043976064253233
架豆,716,8.15949720670391,4.0,14.5,1.621397747604283,0.19871294842433784
箱装菠萝,170,4.9682352941176475,3.9,6.4,0.9831975085194181,0.1978967279757294
蒜苗,715,9.196363636363635,6.0,22.0,1.8145577454468003,0.19731252668954927
油蟠,115,7.730434782608696,6.0,11.0,1.5164116180215677,0.19616123292742438
多宝鱼,559,68.17710196779964,47.0,95.0,13.305445762050221,0.19516003728545755
泥鳅,559,29.695885509838998,24.0,41.0,5.740864729594247,0.1933218905929629
淡水鲈鱼,559,40.158318425760285,30.0,61.0,7.750099874407931,0.19298865535755322
库尔勒香梨,713,9.35680224403927,7.0,13.0,1.805434021831309,0.19295417117332544
网纹,719,10.234492350486788,6.5,21.0,1.9631438991965278,0.1918164411059581
高山娃娃,71,12.38450704225352,9.0,17.0,2.365806892694568,0.1910295568990269
洋白菜,102,2.1816666666666666,1.53,3.55,0.41662976734302554,0.19096857173859078
克伦生,623,18.831460674157302,11.0,27.0,3.596131221202437,0.19096400876313657
百香果,790,17.763924050632912,13.0,29.0,3.3847533033466286,0.1905408564965145
水仙芒果,502,17.717131474103585,12.5,25.0,3.3590324708708446,0.18959234319509377
牛舌,717,57.93444909344491,48.0,88.0,10.949089851934867,0.18899100661636772
嘎啦,226,6.938495575221238,5.0,10.5,1.3056715402778167,0.18817790198506895
龙眼,67,15.865671641791044,8.5,22.0,2.982502114038519,0.18798461113883422
玉纹,50,20.16,17.0,27.5,3.7842854446421725,0.18771257165883792
生姜,101,12.610198019801981,9.4,16.75,2.365781469281565,0.1876085899338411
孢子甘蓝,71,35.66901408450704,23.0,51.0,6.657403860135092,0.1866438989415959
南瓜,102,3.018137254901961,2.12,4.04,0.5630182635874114,0.18654495009230454
伦晚脐橙,328,7.080182926829269,5.0,9.5,1.3205054043851423,0.18650724395570195
生蚝,1118,18.029516994633273,12.0,24.0,3.34926413157832,0.18576560495632097
金针菇,696,5.054454022988506,3.5,8.3,0.9381492514663958,0.18560842520270943
秋葵,71,21.570422535211268,15.0,31.0,3.989536112174201,0.18495400846514415
西州蜜,268,3.8059701492537314,2.5,5.5,0.7038429764053796,0.18493129183984483
杨梅,147,30.156462585034014,22.0,50.0,5.556312811435481,0.1842494886715578
鲍鱼果,71,50.859154929577464,45.0,70.0,9.327832047385145,0.18340517179848942
橙子,22,11.727272727272727,8.5,15.0,2.1421355206299597,0.18266271881340743
豆角,102,8.29549019607843,5.49,11.44,1.5103403507655004,0.18206764339007853
啤梨,70,18.992857142857144,16.5,26.0,3.3820635767630214,0.17807028986341594
黑枣,356,21.178370786516854,16.0,29.0,3.7478344752242334,0.17696519307378833
猪皮,717,8.483960948396096,6.0,12.0,1.499797728869835,0.176780366858404
话梅,71,24.718309859154928,18.0,28.0,4.366047897752939,0.17663213717405052
蓝莓葡萄,104,22.153846153846153,18.0,31.0,3.906104833000882,0.1763172320451787
新疆无核,252,11.948412698412698,10.5,20.0,2.1060805207016076,0.17626446071630858
金秋桔,43,11.418604651162791,10.0,16.0,1.999792348024151,0.17513456408358144
鸭脖子,717,19.363319386331938,14.0,25.0,3.3680443117391943,0.17393940803954352
油栗,333,15.25975975975976,10.5,20.0,2.636788378721167,0.17279357081848837
豆尖,71,26.866197183098592,17.0,39.0,4.637546878067938,0.17261642377081185
沃柑(贵妃柑),103,9.325242718446601,7.0,11.5,1.6049994469855462,0.17211342325821058
猪肝,717,9.504881450488146,7.0,14.0,1.6335915614246037,0.17186869398993995
突围,106,6.370754716981132,4.5,9.0,1.0929180669967968,0.17155236946788163
蜜柚,369,4.8325203252032525,3.5,7.0,0.8272692048067755,0.17118794110234417
串红杏,37,4.897297297297297,4.0,6.0,0.837816768116357,0.17107737538799783
新疆干枣,71,32.105633802816904,25.5,43.0,5.469340188044201,0.17035453097220368
鸭头,717,23.91213389121339,20.5,31.0,4.0732580050058464,0.17034272321896715
丰水梨,660,7.280272727272727,5.6,9.5,1.231997496517353,0.1692240857821371
八爪鱼,559,93.03220035778175,75.0,125.0,15.641905643969288,0.1681343189112361
金秋沙糖桔,65,17.23076923076923,14.0,22.5,2.879177566864966,0.16709512664841322
京白梨,332,5.678915662650603,4.9,9.0,0.9462478128795423,0.16662473420812984
白虾,2209,42.483023992756905,24.0,59.0,7.078625249053926,0.16662244312600694
玉露香梨,285,7.069122807017544,5.2,8.5,1.1720757448931112,0.16580214786049371
母河蟹,883,129.45300113250283,85.0,187.0,21.34265313928441,0.16486796715851287
金桔,395,14.443291139240507,11.4,22.0,2.378632526097847,0.16468770885850373
黄蚬子,559,51.055456171735244,20.0,63.0,8.319911864826912,0.16295832979811645
伽师瓜,91,3.375824175824176,2.8,4.5,0.5486023978844708,0.16250917385249625
阿克苏,719,9.917663421418638,7.9,12.0,1.6115900185685652,0.16249694611415244
青皮,339,11.793510324483776,8.5,16.5,1.9049497366475152,0.16152525280728056
鄂、湘、川脐橙,128,7.2890625,4.5,8.5,1.1715279998065389,0.16072409858010395
秋月梨,571,8.25429071803853,6.5,12.0,1.3264759986459882,0.16070139082297785
母梭子蟹,258,170.61627906976744,120.0,220.0,27.343400005193153,0.16026255029282432
钉螺,559,14.245080500894455,11.0,19.0,2.270041751695308,0.15935618977743027
面包蟹,466,169.49570815450645,120.0,220.0,26.84108916497155,0.15835851808415194
牛心管,717,75.23570432357043,62.0,118.0,11.82041872523256,0.1571118238542145
羊腰子,717,22.230125523012553,17.0,29.0,3.4764831023260068,0.15638612110971495
基围虾,90,176.35555555555555,130.0,220.0,27.53967969227415,0.15615997809379242
毛豆仁,71,33.978873239436616,27.0,51.0,5.3052781128919815,0.15613460974728735
象牙芒,251,10.689243027888446,7.5,13.5,1.6676461929021984,0.15601162669342222
耙耙柑,285,9.643157894736843,6.8,15.5,1.4943310221817347,0.1549628284109429
鸡嘴,26,17.403846153846153,13.5,21.0,2.68707733706803,0.15439560389783155
生菜,103,4.647378640776699,3.7,6.46,0.7173698709147003,0.15436010843196735
木瓜,720,12.083055555555555,8.5,16.3,1.858788573813269,0.15383431494351063
辽峰,541,17.484288354898336,14.0,24.5,2.6764115178712276,0.15307523323483815
前肘,717,19.366806136680612,15.5,31.0,2.956323113131588,0.15264897537918398
花牛,647,7.132457496136012,6.0,11.0,1.0841943496885187,0.15200852585183688
荷兰豆,71,24.591549295774648,19.0,33.0,3.728567188569636,0.15161985703805506
去皮核桃,213,8.288262910798121,5.8,10.5,1.2545401647183276,0.15136346158661143
凉瓜,71,17.281690140845072,11.0,24.5,2.615520153629918,0.1513463169582104
水仙芒,199,16.35175879396985,13.5,21.0,2.4668272720258844,0.1508600575086512
白虾（精品）,878,56.19476082004556,43.0,77.0,8.47393184893271,0.15079576325752284
鸽子蛋,717,6.994700139470014,5.3,9.1,1.054095405380951,0.15069915569830553
白玉菇,715,7.291748251748253,5.2,9.7,1.0972344370841676,0.15047618200766835
小里脊,717,26.961645746164574,21.0,38.0,4.048448778384199,0.1501558479218618
豌豆苗,514,11.342996108949416,7.0,18.0,1.6997992003828726,0.1498545167481599
新奇士,70,20.835714285714285,17.8,28.0,3.1202487690811407,0.14975482607862864
白条猪,1438,19.091557719054244,13.0,28.0,2.8548059456417736,0.14953237381947873
石斑鱼,559,108.99642218246869,82.0,138.0,16.280911753790217,0.14937106583677284
猕猴桃（徐香）,199,7.582914572864322,7.0,10.5,1.1301244893162075,0.14903563510531828
南姜,71,16.795774647887324,13.0,21.0,2.4979669802071514,0.14872591664126436
小水萝卜,61,2.1449180327868853,1.7,2.7,0.3186775954410126,0.1485733210172865
蚕豆仁,71,32.2112676056338,25.0,49.0,4.781408916560491,0.1484390175233034
葵花籽,71,26.718309859154928,21.0,30.5,3.9440120928224855,0.1476145801741679
鱼腥草根,71,20.964788732394368,17.0,29.0,3.075622984119259,0.14670422027038454
甘蔗,467,3.603640256959315,3.06,6.5,0.5275170838377723,0.14638450184338916
牛腰子,717,21.387726638772662,17.0,30.0,3.1147091999141074,0.1456306812088957
桑葚,520,15.750961538461539,9.5,29.0,2.2857097822202017,0.14511557130266833
纯通脊,717,24.42329149232915,19.5,38.0,3.5315380810613126,0.14459713925825665
牛筋头巴脑,717,49.68200836820084,38.0,62.0,7.164614503848505,0.14420943796696922
释迦,56,44.0,34.0,68.0,6.341780650431062,0.14413137841888776
姬娜果,70,21.175714285714285,16.0,28.0,3.046662974387404,0.14387533441753916
香芋头,71,13.163380281690142,10.5,17.0,1.8912761705578391,0.14367708978130384
鲫鱼,1680,21.381845238095238,16.5,31.0,3.040210593447199,0.14218654001061465
赣南脐橙,336,5.9139880952380945,4.5,8.0,0.8378085414321452,0.14166557793830248
通脊,717,19.56415620641562,15.5,30.0,2.7513452307766455,0.14063193943802207
前臀尖,1438,18.873783031988875,15.0,35.0,2.635056422988975,0.13961463997561377
后臀尖,1437,18.916840640222688,15.0,35.0,2.6405890676718764,0.1395893277261753
鸡心果（沙果）,128,10.03515625,8.5,13.5,1.39484934663323,0.1389962758809291
白条兔,474,44.436708860759495,26.0,51.0,6.167517252585198,0.13879329524404804
菠萝蜜,70,11.664285714285715,10.5,17.0,1.6167632465655368,0.1386079941942285
猪肺,717,6.035564853556485,4.0,8.0,0.8351087108792877,0.13836463216648165
鳕鱼,559,13.11717352415027,11.0,15.0,1.8147025656385292,0.13834554847486366
南阳,75,55.24,46.0,70.0,7.624356419450162,0.1380223826837466
芦柑,319,4.76551724137931,3.6,5.8,0.6567996776230175,0.13782337663579963
绿宝西瓜,37,5.316216216216216,4.8,6.7,0.7320115032161997,0.13769408042195927
牛百叶,717,73.97489539748953,58.0,88.0,10.13922275879425,0.13706302258777298
国产香蕉,719,6.63682892906815,5.0,8.4,0.9054732753149456,0.13643161289710679
蒜米,715,9.341818181818182,6.5,11.4,1.2614293371006102,0.13503038836226852
柿饼,333,15.75975975975976,13.0,23.0,2.103339843279653,0.13346268441542006
夹豆,71,25.43661971830986,19.0,35.0,3.3741978702508897,0.1326511898049907
箱鸡蛋,578,9.077716262975779,6.68,11.84,1.203425055370921,0.13256914189741645
寒富苹果,318,5.095283018867924,4.1,6.5,0.6747424430422265,0.13242491938988338
青皮芒,182,10.857142857142858,9.0,13.0,1.4312721117705496,0.1318276945051822
冰草,71,16.598591549295776,13.0,23.0,2.1870066273167907,0.13175856643147402
甜豆,71,25.549295774647888,19.0,33.0,3.3617118615132746,0.13157747638778527
嘎鱼,1118,40.63819320214669,33.0,54.0,5.346364752808223,0.13156009978627212
清江鱼,559,21.05008944543828,18.0,27.0,2.7680970183677203,0.13150048723273186
进口香蕉,651,8.061443932411674,5.9,10.2,1.0554927705932768,0.1309309820229084
梅花肉,717,23.37866108786611,19.5,31.0,3.0489359611696214,0.1304153368625574
绿化久,91,5.08021978021978,4.5,7.0,0.662356027160248,0.13037940400515374
青皮核桃,201,2.853830845771144,2.4,4.0,0.37157200008044355,0.13020112969591222
毛钳,559,13.740608228980323,12.0,21.0,1.7797085023702228,0.12952181393372666
美国红,25,37.56,33.0,43.0,4.856953777832356,0.1293118684193918
牛上脑,717,54.78591352859135,43.0,67.5,7.082947076112813,0.12928409183897985
牛林,717,54.318688981868895,43.0,68.0,7.004281369041922,0.12894790909588946
白糖罂,14,26.785714285714285,24.0,33.0,3.445812875596464,0.12864368068893467
整牛,717,52.72836820083682,41.0,66.5,6.777326167976845,0.12853282586259301
番杏,71,25.338028169014084,19.0,33.0,3.224653522791606,0.12726536971551086
澳柑,28,28.0,24.0,34.0,3.5590260840104353,0.12710807442894412
牛后腿,717,54.56206415620642,43.0,68.5,6.921949961104513,0.12686378472206578
鱿鱼,1118,43.3479427549195,31.0,53.0,5.498770943356254,0.12685194714879994
拉宾斯,41,33.951219512195124,28.0,43.0,4.306687935712287,0.12684928546279006
毛桃,18,56.55555555555556,45.0,69.5,7.161763028277506,0.12663235216993626
牛前腿,717,54.534170153417016,43.0,68.5,6.899408203837933,0.12651532395979126
牛腩,717,54.967224546722456,44.0,69.0,6.91114594230374,0.12573212490343635
花螺,532,80.296992481203,65.0,95.0,10.087664259984336,0.12562941585073428
贵妃梨,493,3.542231237322515,3.1,6.3,0.4449672172974099,0.12561777802901133
筐鸡蛋,139,8.778273381294964,6.34,10.22,1.1014206426100202,0.12547121680636694
杏鲍菇,715,6.148279720279721,4.8,8.5,0.7695360238189641,0.1251628193298846
脆皮柿子,211,4.056872037914692,3.1,5.1,0.5075503050133658,0.12510877845539742
泰国香蕉,695,22.057553956834532,18.0,26.0,2.751263226167886,0.12473111168862888
纯瘦肉,717,21.40041841004184,18.0,30.0,2.639559880169673,0.12334150807682794
慈姑,71,20.5,17.0,29.0,2.528410002918265,0.12333707331308609
青州蜜桃,57,5.885964912280702,5.0,7.0,0.7222085661584076,0.12270011407162214
东北甜瓜,137,5.275912408759123,4.3,6.8,0.6471118581646012,0.12265401849550411
扇贝,1677,82.91890280262373,62.0,105.0,10.111814340112318,0.12194824097204959
鸡胗,717,24.676429567642955,22.0,30.0,2.9964904191359922,0.12143127963152131
牛心,717,14.587168758716876,13.0,20.0,1.770254673697797,0.1213569749537547
沙葁,71,20.880281690140844,14.5,25.0,2.52482642788483,0.12091917462382659
蒜苔,99,8.780909090909091,6.76,11.88,1.0547889729066626,0.12012298066024732
牛板筋,717,61.00557880055788,50.0,71.0,7.291417784134321,0.11952050824682355
护心肉,717,33.08926080892608,27.0,40.0,3.922127335097846,0.11853173021138697
黄金瓜,65,5.827692307692308,4.9,6.9,0.6875017482495257,0.11797152491082145
硒沙瓜(金城5号),41,3.024390243902439,2.6,3.6,0.3548101519156955,0.117316259907609
黑提金手指,12,52.5,47.0,69.0,6.142253066039589,0.11699529649599218
柑橘,18,17.805555555555557,13.6,22.0,2.064396286119453,0.11594113307379142
五花肉,1436,23.301462395543176,18.0,36.0,2.665082897295321,0.11437406168142761
黑鱼,1118,25.141323792486585,20.5,30.0,2.8603220296859626,0.11376974630670648
象拔蚌,516,162.13178294573643,130.0,220.0,18.42513262244634,0.11364294086997744
夏橙,289,6.64878892733564,5.3,8.5,0.7552641097209142,0.11359423768375967
散鸡蛋,717,10.120362622036263,7.8,12.7,1.1425387697529763,0.11289504264058597
胡桃,71,114.50704225352112,105.0,140.0,12.905008152359871,0.11270056320019076
田螺,559,6.949731663685152,5.5,9.0,0.7761192169877588,0.11167614154705582
牛前腱,717,63.5955369595537,53.0,85.0,7.088103350243274,0.11145598715128793
牛后腱,717,63.273361227336125,53.0,85.0,7.041816558683437,0.11129196271686521
苹果蕉,287,9.487108013937283,8.5,11.5,1.0543653837347242,0.11113664798437853
腔排骨,717,27.192468619246863,23.0,40.0,3.020285080920901,0.11107064692107944
五花头,473,18.1723044397463,15.0,30.0,2.0182993282232746,0.11106457823856773
鸭肝,717,4.9338912133891215,4.3,8.0,0.5472716016988639,0.11092088942166593
牛腰窝,717,59.415620641562064,50.0,72.0,6.567509864656984,0.1105350713119189
丰源红,14,8.035714285714286,7.0,9.0,0.8871797518473424,0.1104045913410026
巴托,36,26.0,24.0,30.0,2.8685486624025462,0.11032879470779024
国产凤梨,224,6.589285714285714,4.7,8.5,0.7234517586883483,0.10979213681991194
苤蓝,71,10.161971830985916,7.5,12.5,1.1044541246610855,0.10868502127642005
墨鱼,559,55.23076923076923,47.0,68.0,5.985830157035223,0.10837854044771295
武昌鱼,560,21.670535714285716,17.5,25.0,2.3373623343601144,0.10785900104994965
苹果梨,74,5.4,4.7,6.0,0.5814483569336335,0.10767562165437657
肥膘肉,717,9.007670850767084,7.0,11.0,0.9685759649554406,0.10752790382798652
京红桃,14,6.978571428571429,5.8,7.5,0.7495419846901081,0.10740622093819359
草鱼,1680,14.963928571428573,12.5,21.0,1.6016508144426298,0.107034112519138
羊宝,717,65.29986052998605,50.0,73.0,6.986072535962375,0.10698449398302057
蚕蛹,559,92.0608228980322,79.0,118.0,9.848669653576634,0.10698003063132677
哈密瓜,42,3.8190476190476192,3.4,4.3,0.40136237214602055,0.10509488547464378
后肘,473,15.434883720930232,12.0,22.0,1.6125267167702837,0.10447287753672171
玉荷包荔枝,14,22.857142857142858,21.0,28.0,2.3812454032143924,0.10417948639062967
猪肉,101,21.992574257425744,18.92,27.7,2.287428098745554,0.10400911107408034
葡萄柚,349,4.99541547277937,4.0,5.7,0.5179886630489705,0.10369280911098469
鲢鱼,1120,8.120535714285714,6.5,9.5,0.8416799228668408,0.10364832475105681
14号,41,5.060975609756097,4.5,6.0,0.5243462828992339,0.10360577156081249
小公鱼,559,25.504472271914132,23.0,31.0,2.6409169484349233,0.10354721008452845
牛鞭,717,123.54253835425384,101.0,140.0,12.789548837607462,0.10352344227325073
纯排骨,717,40.68200836820084,35.0,60.0,4.197132219248249,0.1031692482156054
胖头鱼,1120,20.78125,17.0,29.5,2.1435119908806493,0.10314644166643726
猫眼螺,559,51.23792486583184,46.0,63.0,5.2781683299299935,0.10301292145907641
整羊,717,45.10513249651325,0.0,54.76,4.626322234731505,0.10256753452811901
蚕豆,71,17.345070422535212,15.0,19.0,1.7760138941215164,0.1023930056700184
猪脑,717,42.37796373779637,31.0,53.0,4.286211462003157,0.1011424590507245
绿宝,23,8.226086956521739,7.0,9.3,0.8302340257718955,0.10092696930630866
山鸡蛋,717,2.3690934449093444,1.9,2.9,0.23898502424736293,0.1008761493814812
韭黄,71,25.971830985915492,21.0,35.0,2.612999540680708,0.10060898448391013
贵妃芒,198,15.936868686868687,13.5,19.0,1.5810759983690152,0.09920869836066076
鹌鹑蛋,717,13.41352859135286,10.5,16.5,1.329919334652071,0.09914761247159187
红箭乐琪苹果,32,70.046875,43.0,78.0,6.942574793119951,0.0991132694088059
桂圆,71,26.816901408450704,22.0,29.0,2.6148469452883294,0.09750742285476438
海蜇头,559,21.19892665474061,17.0,23.0,2.0515049795188816,0.09677400242620839
紫贝天葵,71,23.985915492957748,19.0,29.0,2.3145067832908577,0.0964944108124785
花蛤,559,10.077817531305904,9.0,13.0,0.963365644236375,0.09559268574210236
海蜇皮,559,26.942754919499105,22.0,30.0,2.5716151701211194,0.09544737269090404
小黄花鱼,559,15.211091234347048,14.0,18.0,1.429709870026047,0.09399127570793371
银芽,71,12.97323943661972,10.5,17.0,1.2186594211297301,0.09393640093389516
西洋菜,71,18.514084507042252,15.0,23.0,1.7381678181881948,0.09388354133994814
金鲳鱼,1118,48.644007155635066,38.0,58.0,4.560771861352049,0.09375814469313752
牛肉,98,66.85836734693878,57.2,76.87,6.180997432917032,0.09244912309693185
佳红,27,47.407407407407405,40.0,53.0,4.369996120921174,0.09217960567568102
精牛柳,717,68.34728033472804,58.0,80.0,6.273617633201399,0.09179030390787475
牛排骨,717,55.235006973500695,48.0,65.0,5.0303063820643095,0.09107098301766536
广梨,272,7.052205882352942,6.0,7.8,0.6391838559729803,0.09063601752927257
海蜇丝,559,14.707513416815742,12.0,16.0,1.3302575030651982,0.09044747846663576
鸡蛋,104,9.921057692307691,8.15,11.72,0.8901804314422881,0.08972636376588063
牛柳,717,64.95118549511855,56.0,75.0,5.768980271172288,0.08882024596157463
14号桃,49,5.795918367346939,5.0,6.5,0.5033054008557944,0.08683790366878143
后肘（去骨）,244,17.770491803278688,15.5,22.0,1.5397978876826528,0.08664914312605335
高乐蜜,359,14.157381615598887,12.5,16.5,1.2245828599071562,0.08649783506279765
纯腔骨,717,15.062064156206416,12.0,19.0,1.2948588419048772,0.0859682197921938
牛金钱腱,717,95.9400278940028,82.0,135.0,8.247093715232268,0.08596092680256343
紫菜头,71,10.028169014084508,8.5,13.5,0.8614245839789461,0.0859004852001477
羊尾巴油,717,16.396094839609486,15.0,18.5,1.3988268556181165,0.0853146355459501
国产杏仁,71,61.45070422535211,53.0,70.0,5.217521941618215,0.08490581202266635
羊骨头,717,18.52649930264993,15.0,20.0,1.5588979209692706,0.0841442247400886
猪肚,717,43.341701534170156,38.0,55.0,3.6427940509155765,0.08404824734542632
虾仁,559,57.59391771019678,51.0,68.0,4.781389271912536,0.08301899683177846
大雁蛋,567,34.0,30.0,38.0,2.8116680159297096,0.0826961181155797
梅花骨,717,19.370990237099022,17.0,25.0,1.5865692392775903,0.08190439517330494
柴鸡蛋,717,13.91729428172943,11.7,16.4,1.1314216787885136,0.08129609505159632
山楂干,71,29.95774647887324,27.0,38.0,2.4344939029252632,0.08126425345918838
猪口条,717,29.49721059972106,26.0,38.0,2.3413320532974575,0.07937469359626832
国光,480,5.616791666666667,4.0,6.5,0.44571787505946964,0.0793545321797532
鸡翅根,717,15.20655509065551,14.0,17.5,1.199184540824476,0.07885971107035147
人参果,346,13.145953757225433,11.5,16.0,1.0262911066245128,0.07806897282446552
薄皮核桃,71,27.781690140845072,25.0,30.0,2.162558660420233,0.07784114823312371
淘汰鸡,1434,21.129916317991633,17.5,24.0,1.627722710164434,0.07703403485694195
鹰嘴芒,30,12.566666666666666,11.5,13.5,0.9625158604455282,0.0765927740407582
中华红血橙,51,8.731372549019609,7.5,9.3,0.6679791002953385,0.07650333284316699
七号梨,36,4.025,3.5,4.2,0.30740852297878785,0.07637478831771126
羊腰窝,717,58.88702928870293,51.0,78.0,4.493920376741573,0.07631426531485264
鹅蛋,717,35.619665271966525,27.0,40.5,2.711853949442691,0.07613361688653995
久保,29,5.706896551724138,5.0,6.0,0.4333680673208388,0.07593760696256391
胭脂红杏,29,10.913793103448276,10.0,13.5,0.8245016407897706,0.07554675381644028
罗非鱼,559,22.337209302325583,20.5,27.0,1.6862750015478591,0.07549174915831124
文蛤,559,24.985688729874777,22.0,27.0,1.8702948178842387,0.07485464331619456
多春鱼,552,32.01449275362319,29.0,34.0,2.3764895254465594,0.07423167825070738
杏梅,91,6.137362637362638,5.5,8.0,0.45378613456324973,0.07393829587333164
羊排骨,717,46.890516039051604,41.0,59.0,3.454139996181381,0.07366393650487203
香蕉,102,5.874803921568628,5.13,6.64,0.43253050116716063,0.07362467019183015
去骨羊前腿,717,60.99581589958159,53.0,80.0,4.48694372965596,0.07356150030098604
猪心,717,16.266387726638772,14.0,22.0,1.1936283028798185,0.07338004742903455
羊腩,717,46.01115760111576,41.0,53.0,3.358868595091757,0.07300117558899029
生鸭蛋,717,15.157322175732217,12.8,17.0,1.106149682872157,0.07297790929344823
鸭肠,717,15.254532775453278,13.5,17.5,1.1078678553995576,0.07262548592653556
青鱼,559,25.796064400715565,23.0,30.0,1.8639916228456184,0.07225875985927188
羊肚,717,36.42956764295676,32.0,40.0,2.607384540572254,0.07157330457849564
鲤鱼,1120,13.410982142857142,11.5,15.8,0.9593316296937547,0.07153328663588646
鸵鸟蛋,327,195.1834862385321,170.0,220.0,13.955339680576378,0.07149856757616099
猕猴桃（亚特,69,7.834782608695651,7.0,8.2,0.5562019541594053,0.07099137039770435
白条鹅,717,24.834728033472803,23.0,28.0,1.7613023971003559,0.07092094565023756
鱼腥草叶,71,30.64788732394366,27.0,37.0,2.165301638830658,0.07065092663464004
百合,14,208.78571428571428,185.0,221.0,14.675613321889715,0.07029031354993363
羊里脊,717,61.91352859135286,53.0,79.0,4.3258736277641425,0.06986960243077334
鸭胗,717,27.267085076708508,25.0,31.0,1.8949739491326776,0.06949675565986188
鸡头,717,5.667085076708508,5.0,6.5,0.39021410791309763,0.068856229019194
秦阳,57,7.950877192982456,7.5,9.0,0.547436495670483,0.06885233948194514
火参果,70,15.591428571428573,11.7,19.0,1.058402249105213,0.06788359669906992
白条乌鸡,717,24.117852161785216,22.0,28.0,1.6355390908743632,0.06781445876286936
熟腰果,71,73.32394366197182,60.0,80.0,4.947653550312859,0.06747664273380964
兰花蟹,82,189.5121951219512,160.0,210.0,12.659104860245558,0.06679836541442315
海鲈鱼,559,31.793381037567084,27.0,35.5,2.11640863292124,0.06656758620357144
蛏子,559,35.03398926654741,27.0,40.0,2.321148756170462,0.06625419499077247
美人指,339,19.01032448377581,17.0,21.0,1.2548295628000141,0.06600779296907515
香菇,814,10.701511056511057,9.5,13.71,0.6983799927466053,0.0652599421762681
雷尼,17,38.88235294117647,35.0,43.0,2.521962354526147,0.06486136161413691
燕鲅,559,40.87298747763864,34.0,47.0,2.646422522972058,0.06474746981536154
乌鸡蛋,717,16.854253835425382,14.8,19.0,1.077538269940824,0.06393271873454184
去骨羊后腿,717,64.40585774058577,58.0,82.0,4.092317266661892,0.06353951969935634
鸡琵琶腿,717,14.732775453277545,13.5,17.5,0.9320037410071713,0.06326056783820946
羊上脑,717,64.51046025104603,56.0,76.0,4.07355066389714,0.0631455836471278
情人梅,71,29.408450704225352,27.0,31.0,1.8483773948963425,0.06285191333220322
辽宁寒富苹果,43,4.7627906976744185,4.1,5.0,0.29922380206282057,0.06282531000342424
长寿果,71,71.26760563380282,68.0,80.0,4.449583436293693,0.0624348663985874
王林,189,5.030687830687831,4.8,5.9,0.3138810807981823,0.06239327331810733
仔鸡,717,14.228312412831242,13.5,18.0,0.8826344976556507,0.062033674271847
猪头,717,18.665271966527197,16.5,22.0,1.1553043034078943,0.06189592658921469
蛇果,70,27.4,25.0,31.0,1.6888380363562028,0.06163642468453295
青豆,71,15.556338028169014,14.5,16.5,0.9507489370214806,0.06111650025217304
荔浦芋头,71,15.314084507042253,13.5,17.0,0.9341605513045824,0.06100009118240169
鸡架子,717,7.0587168758716885,5.8,7.5,0.4275727575803472,0.06057372254749143
后肘（带骨）,244,15.45327868852459,14.0,17.5,0.930258110669164,0.060198106137823164
凯特杏,35,24.214285714285715,23.0,26.5,1.4566566992588854,0.06015691383370028
牛蹄筋,717,48.93305439330544,46.0,55.0,2.8916143958135563,0.05909327409999487
葡萄干,71,43.070422535211264,41.0,48.0,2.542911400411361,0.05904078136991715
牛尾,717,58.03486750348675,51.0,63.0,3.4068056091707377,0.058702737780284515
精五花,244,32.25819672131148,29.0,37.0,1.8913204464342646,0.05863069354973453
棒骨,717,17.05020920502092,15.0,21.0,0.9906634455340441,0.05810271496506418
猪肠,717,34.34309623430963,30.0,38.0,1.9837321374721932,0.057762180903491
生腰果,71,79.29577464788733,68.0,90.0,4.533665707624564,0.057174114607698764
羊腱子肉,717,65.99581589958159,59.0,81.0,3.7715835936710427,0.057148828941062525
香蕉干,71,26.866197183098592,24.0,29.0,1.5141186650959582,0.05635775896294261
金红桃,14,5.464285714285714,5.0,6.0,0.30786396310744096,0.056341117431427105
活鲫鱼,100,19.2001,17.62,21.64,1.0740092874342166,0.055937692378384314
鲟鱼,559,41.364042933810374,35.0,45.0,2.3127615663248724,0.05591236741596297
白薯干,71,24.859154929577464,22.0,26.0,1.3866277144609034,0.05577935848539611
红颜,19,20.36842105263158,18.0,22.0,1.1160708020048364,0.054794173741839515
青蛤,559,30.420393559928442,27.0,35.0,1.6646264466360534,0.05472073999820958
五香花生米,71,21.06338028169014,17.5,22.5,1.152418504911642,0.05471194506768745
羊肝,717,13.534867503486751,12.0,14.0,0.7390998530343155,0.054607099245257786
小金星山楂,168,9.604166666666666,8.5,10.5,0.5215538927798856,0.05430496063651738
熟鸭蛋,717,17.9721059972106,15.7,20.5,0.9665510011949281,0.05378061988644757
猪板油,717,11.730822873082287,11.0,13.5,0.6298541270608069,0.05369223743937684
黄元帅,719,6.356884561891516,6.0,7.0,0.3411912226945253,0.05367271017314219
猪耳,717,49.032775453277544,45.0,56.0,2.629463424470081,0.05362664870920166
巴旦木,71,55.38028169014085,51.0,58.0,2.968242371616575,0.053597458897450864
松子,71,141.33802816901408,123.0,148.0,7.55729290528944,0.053469635901898384
月牙骨,473,40.0507399577167,37.0,45.0,2.138618990982423,0.05339773979807253
鲶鱼,560,12.04642857142857,10.5,12.5,0.6425475587012619,0.053339257763520116
牛骨,717,8.426778242677825,8.0,9.5,0.44753492691730073,0.05310866312474422
羊小腿,717,38.71548117154812,36.0,46.0,2.0428230271820333,0.05276501712920198
杏肉,71,46.309859154929576,37.0,48.0,2.399949697661983,0.05182373130596132
无花果,71,62.36619718309859,58.0,66.0,3.230388904582395,0.051797112065345534
牛肚,717,36.38912133891213,33.0,40.0,1.8791843984592522,0.05164137877794197
冰库樱桃,19,53.26315789473684,47.0,55.0,2.704771612111494,0.05078128520762686
虹鳟鱼,559,47.590339892665476,44.0,51.0,2.390688266181528,0.05023473821732414
毛榛子,71,40.901408450704224,38.0,43.0,2.0504698386848137,0.05013201051880915
羊肉,101,62.40930693069307,58.64,68.71,3.127970990091102,0.05012026481186185
鸭腿,717,11.75160390516039,11.0,13.0,0.5853312287577235,0.04980862471893658
口蘑,715,14.831608391608393,13.5,16.0,0.7332877981307642,0.04944088184971582
脆梨,75,3.681333333333334,3.5,4.2,0.17835080321941096,0.048447338795566175
白鲢活鱼,101,9.505940594059407,8.78,10.29,0.4587029065044615,0.048254341794553283
羊心,717,31.91073919107392,29.0,34.0,1.5033887736672447,0.047112314279694686
猪尾巴,717,87.08507670850767,80.0,95.0,4.079142053098781,0.04684088488263655
黑爪公鸡,717,23.732217573221757,22.0,28.0,1.1102529872117166,0.04678252185183362
美杏仁,71,67.49295774647888,63.0,71.0,3.125349075070864,0.046306298900256955
猪蹄,717,37.32845188284519,34.0,45.0,1.7245352307207658,0.04619894862324307
珍宝蟹,163,206.74846625766872,170.0,220.0,9.550608253063482,0.046194336654283304
久保桃,41,5.61219512195122,5.0,6.2,0.2580650324542431,0.04598290452248573
青皇冠,88,4.401136363636364,4.1,4.6,0.199709166805546,0.04537672780502982
红花,17,11.676470588235293,11.0,12.5,0.5285941398709244,0.04527002709222023
牛宝,717,36.61366806136681,35.0,40.0,1.6553561503902734,0.04521142617057085
七月红,95,4.794736842105263,4.5,5.2,0.21604196846644816,0.04505814929596614
活珠子,717,2.834030683403068,2.7,3.2,0.1274023414192745,0.04495446791221448
核桃仁,71,45.901408450704224,43.0,48.0,2.0504698386848137,0.044671174761160407
乒乓葡萄,21,31.238095238095237,28.5,32.0,1.3930097596485822,0.04459330023265279
富士苹果,98,8.67734693877551,8.08,9.39,0.383331976445731,0.04417617264244413
白条乳鸽,717,43.55648535564853,40.0,47.0,1.862209575083074,0.04275389898605713
猕猴桃（翠香）,199,12.653266331658292,12.2,14.5,0.5397126849024011,0.04265402076869651
鸡翅,717,22.907252440725244,22.0,24.0,0.9659584982093646,0.0421682391071944
带子,559,35.985688729874774,34.0,38.0,1.5038096841089088,0.04178910386840724
波士顿龙虾,13,211.15384615384616,200.0,220.0,8.697184926229042,0.04118885393113936
羊肉片,717,59.55230125523013,55.0,67.0,2.4096201232079744,0.04046225036511669
大黄花鱼,100,43.03020000000001,39.98,48.32,1.727530484754921,0.04014693133554854
肉鸡,717,14.113249651324967,13.3,15.3,0.5644299644720043,0.039992912930511014
小海白虾,559,55.59928443649374,51.0,58.0,2.176050693267,0.03913810609833503
猪肠头,717,38.651324965132495,34.0,44.0,1.5064253635987885,0.03897474058024506
肥牛,717,61.37796373779637,55.0,65.0,2.3531067740974527,0.038337973937190364
鸡翅中,717,42.16248256624826,39.0,48.0,1.6123306203674193,0.038240884365241715
普核桃,71,21.91549295774648,21.0,23.0,0.8236934047020774,0.03758498183409222
松花蛋,717,17.2186889818689,16.0,18.3,0.6464660784316375,0.03754444250153769
花鲢活鱼,102,17.182450980392154,15.99,18.36,0.644866148172187,0.03753050998999383
鸭心,717,9.890934449093445,9.5,10.5,0.37066125781290643,0.03747484726752784
羊头,717,25.290097629009765,24.0,26.0,0.9422276092060888,0.0372567802239434
白瓜子,71,42.95070422535211,40.0,45.0,1.5949808095071771,0.03713514919659275
鸡爪,717,40.60529986052999,36.0,48.0,1.4971107465155633,0.0368698359982022
南美、菲律宾香蕉,68,8.816176470588236,8.4,9.6,0.32212461393192166,0.03653790449936726
活鲤鱼,103,14.271650485436894,12.99,15.11,0.5135690134187232,0.035985257202226215
牛尾巴鱼,559,27.22361359570662,26.0,28.0,0.9755508512257904,0.03583473030853048
大带鱼,102,39.796960784313725,37.51,42.82,1.3832289596746206,0.03475715060683304
鸡胸,717,13.277963737796373,12.8,14.5,0.45589225403221056,0.03433450060828913
鸡排腿,717,14.20697350069735,13.1,15.5,0.48529368591329447,0.034158836566385783
鸡边腿,717,13.110320781032078,12.5,14.0,0.4211642983795719,0.03212463717813141
鸡心,717,10.073361227336123,9.8,11.5,0.32218093965977246,0.03198345938250171
吊干杏,127,24.448818897637796,24.0,26.0,0.7736602492227114,0.031644074605888674
鲐鲅,559,11.14221824686941,11.0,12.0,0.3476589638572919,0.031201952443802868
变蛋,717,1.7417015341701534,1.56,1.9,0.053439310958727344,0.030682243719897105
夏威夷果,71,58.605633802816904,56.0,63.0,1.7111305639374963,0.02919737323709739
空心脆枣,71,16.274647887323944,15.0,16.5,0.46127720511614106,0.028343298626781494
羊鞭,717,144.88145048814505,140.0,150.0,4.036309243176717,0.027859392831706836
白条湖鸭,717,14.610181311018131,14.0,15.0,0.40128229595495984,0.027465935392077343
140葡萄,43,4.730232558139535,4.5,4.8,0.12823877231263772,0.027110458256850652
大榛,71,60.0,58.0,65.0,1.6035674514745455,0.026726124191242425
鲽鱼,559,58.49552772808587,56.0,62.0,1.4391721655449181,0.02460311448483468
海虹,360,12.891666666666667,12.0,13.0,0.3112335060121668,0.024142224125054956
赤贝,395,36.79746835443038,33.0,37.0,0.8780999740071465,0.0238630539891863
黑瓜子,71,30.366197183098592,29.0,31.0,0.7218911002106765,0.023772851630314486
鸡肝,717,5.945327754532776,5.5,6.0,0.1372965634586271,0.023093186637852026
松花鱼,560,20.788392857142856,20.0,21.5,0.4489593484380919,0.021596635753582567
莲子,71,66.14084507042253,63.0,68.0,1.3866277144609043,0.020964771662419977
活草鱼,98,15.805510204081633,15.05,16.49,0.32169372143432795,0.020353263974436802
红将军,46,6.715217391304347,6.5,6.8,0.13657296186670165,0.02033783180922071
鸡油,717,10.989539748953975,10.5,11.5,0.2232052820364806,0.020310703372061246
蓝宝石,25,23.86,23.5,24.5,0.46815239683960375,0.01962080456159278
蓝宝石葡萄,84,20.19047619047619,20.0,21.0,0.39503516623056056,0.019565420968966445
热龙芒,22,13.272727272727273,13.0,13.5,0.254823595718813,0.0191990380336092
猕猴桃干,71,26.43661971830986,26.0,27.0,0.49949672860925737,0.018894122392784908
鸡翅尖,717,14.821478382147838,14.5,15.5,0.2698779801741034,0.018208573612951178
绿宝石,39,5.717948717948718,5.6,5.8,0.09966204702259611,0.017429685353727572
白条鸡,100,17.771900000000002,17.24,18.42,0.29581831374591216,0.016645283495063112
开心果,71,96.36619718309859,93.0,98.0,1.5513997055168092,0.016099003082679544
金顶红,18,27.77777777777778,27.0,28.0,0.42779263194649847,0.015400534750073944
羊蹄,717,29.616457461645748,29.0,30.0,0.44537631121669885,0.01503813586731213
羊肠,717,28.20223152022315,28.0,29.0,0.4019443483527057,0.014252217880860986
鸡脖子,717,9.928033472803348,9.8,10.5,0.14135481327336977,0.014237946886520303
秦杏,14,9.535714285714286,9.5,10.0,0.1336306209562121,0.014013698077805012
123（沙果）,52,4.515384615384615,4.5,4.8,0.06066499260117097,0.013435177237056603
七月红梨,38,4.144736842105263,4.1,4.2,0.05038966228735696,0.01215750582171152
猕猴桃（红阳）,199,18.944723618090453,18.0,19.0,0.22909527592132872,0.012092827561895069
牛油,717,10.027196652719665,10.0,10.5,0.11347522846336909,0.011316745087730113
梨,24,25.0,25.0,25.0,0.0,0.0
晚蜜桃,15,5.5,5.5,5.5,0.0,0.0
龙丰（沙果）,16,5.8,5.8,5.8,0.0,0.0
猕猴桃（亚特),26,7.0,7.0,7.0,0.0,0.0
红花荔枝,16,29.0,29.0,29.0,0.0,0.0
24号,12,5.0,5.0,5.0,0.0,0.0
角螺,84,73.0,73.0,73.0,0.0,0.0
竹蛏子,84,25.0,25.0,25.0,0.0,0.0
绿茶南瓜子,71,33.0,33.0,33.0,0.0,0.0
猕猴桃（海沃德）,102,7.0,7.0,7.0,0.0,0.0
黄豆芽,717,1.76,1.76,1.76,0.0,0.0
绿豆芽,717,1.96,1.96,1.96,0.0,0.0
青柚,70,21.0,21.0,21.0,0.0,0.0
冬桃,34,5.3,5.3,5.3,0.0,0.0
